{
    "algo_name": "expected_sarsa",
    "alpha": 0.050458648235722964,
    "gamma": 0.9344449762692254,
    "epsilon": 0.8016085556434533,
    "epsilon_decay": 0.9964556185450829
}